t,o,h,l,c
2026-09-26 08:30:00,4286.14,4286.34,4286.08,4286.12
2026-09-26 08:45:00,4286.15,4286.34,4286.08,4286.21
2026-09-26 09:00:00,4286.15,4286.34,4286.08,4286.24
2026-09-26 09:15:00,4286.15,4286.34,4286.08,4286.18
2026-09-26 09:30:00,4286.14,4286.34,4286.08,4286.11
2026-09-26 09:45:00,4286.15,4286.34,4286.08,4286.22
2026-09-26 10:00:00,4286.14,4286.33,4286.08,4286.24
2026-09-26 10:15:00,4286.15,4286.34,4286.08,4286.18
2026-09-26 10:30:00,4286.14,4286.34,4286.08,4286.12
2026-09-26 10:45:00,4286.15,4286.34,4286.08,4286.24
2026-09-26 11:00:00,4286.15,4286.34,4286.09,4286.24
2026-09-26 11:15:00,4286.15,4286.34,4286.08,4286.20
2026-09-26 11:30:00,4286.14,4286.34,4286.08,4286.12
2026-09-26 11:45:00,4286.14,4286.34,4286.08,4286.14
2026-09-26 12:00:00,4286.14,4286.33,4286.08,4286.23
2026-09-26 12:15:00,4286.15,4286.34,4286.08,4286.21
2026-09-26 12:30:00,4286.14,4286.34,4286.08,4286.13
2026-09-26 12:45:00,4286.14,4286.34,4286.08,4286.13
2026-09-26 13:00:00,4286.14,4286.33,4286.08,4286.22
2026-09-26 13:15:00,4286.15,4286.34,4286.08,4286.23
2026-09-26 13:30:00,4286.15,4286.33,4286.08,4286.21
2026-09-26 13:45:00,4286.14,4286.34,4286.08,4286.12
2026-09-26 14:00:00,4286.14,4286.33,4286.08,4286.20
2026-09-26 14:15:00,4286.15,4286.34,4286.08,4286.23
2026-09-26 14:30:00,4286.14,4286.34,4286.08,4286.19
2026-09-26 14:45:00,4286.14,4286.34,4286.08,4286.11
2026-09-26 15:00:00,4286.14,4286.33,4286.08,4286.21
2026-09-26 15:15:00,4286.14,4286.34,4286.08,4286.24
2026-09-26 15:30:00,4286.14,4286.33,4286.08,4286.17
2026-09-26 15:45:00,4286.14,4286.33,4286.09,4286.11
2026-09-26 16:00:00,4286.14,4286.33,4286.08,4286.23
2026-09-26 16:15:00,4286.14,4286.34,4286.08,4286.24
2026-09-26 16:30:00,4286.14,4286.34,4286.08,4286.20
2026-09-26 16:45:00,4286.15,4286.33,4286.08,4286.11
2026-09-26 17:00:00,4286.14,4286.34,4286.08,4286.24
2026-09-26 17:15:00,4286.14,4286.34,4286.08,4286.23
2026-09-26 17:30:00,4286.14,4286.34,4286.08,4286.21
2026-09-26 17:45:00,4286.15,4286.33,4286.08,4286.12
2026-09-26 18:00:00,4286.14,4286.33,4286.08,4286.14
2026-09-26 18:15:00,4286.14,4286.34,4286.08,4286.23
2026-09-26 18:30:00,4286.15,4286.34,4286.08,4286.22
2026-09-26 18:45:00,4286.15,4286.33,4286.08,4286.13
2026-09-26 19:00:00,4286.14,4286.34,4286.08,4286.13
2026-09-26 19:15:00,4286.14,4286.34,4286.08,4286.21
2026-09-26 19:30:00,4286.14,4286.34,4286.08,4286.23
2026-09-26 19:45:00,4286.15,4286.33,4286.08,4286.14
2026-09-26 20:00:00,4286.14,4286.34,4286.08,4286.12
2026-09-26 20:15:00,4286.14,4286.33,4286.08,4286.20
2026-09-26 20:30:00,4286.14,4286.34,4286.08,4286.24
2026-09-26 20:45:00,4286.15,4286.34,4286.09,4286.19
2026-09-26 21:00:00,4286.14,4286.34,4286.08,4286.11
2026-09-26 21:15:00,4286.14,4286.34,4286.08,4286.22
2026-09-26 21:30:00,4286.14,4286.33,4286.08,4286.24
2026-09-26 21:45:00,4286.14,4286.33,4286.08,4286.18
2026-09-26 22:00:00,4286.14,4286.33,4286.08,4286.11
2026-09-26 22:15:00,4286.14,4286.33,4286.08,4286.23
2026-09-26 22:30:00,4286.14,4286.33,4286.08,4286.24
2026-09-26 22:45:00,4286.14,4286.33,4286.08,4286.19
2026-09-26 23:00:00,4286.14,4286.33,4286.08,4286.11
2026-09-26 23:15:00,4286.14,4286.33,4286.08,4286.24
2026-09-26 23:30:00,4286.14,4286.33,4286.08,4286.23
2026-09-26 23:45:00,4286.14,4286.33,4286.08,4286.21
2026-09-27 00:00:00,4286.14,4286.33,4286.08,4286.12
2026-09-27 00:15:00,4286.14,4286.33,4286.08,4286.13
2026-09-27 00:30:00,4286.14,4286.33,4286.08,4286.22
2026-09-27 00:45:00,4286.14,4286.33,4286.08,4286.22
2026-09-27 01:00:00,4286.14,4286.33,4286.08,4286.13
2026-09-27 01:15:00,4286.14,4286.33,4286.08,4286.12
2026-09-27 01:30:00,4286.14,4286.33,4286.08,4286.21
2026-09-27 01:45:00,4286.14,4286.33,4286.08,4286.23
2026-09-27 02:00:00,4286.14,4286.33,4286.08,4286.19
2026-09-27 02:15:00,4286.14,4286.33,4286.08,4286.11
2026-09-27 02:30:00,4286.14,4286.33,4286.08,4286.20
2026-09-27 02:45:00,4286.14,4286.33,4286.08,4286.24
2026-09-27 03:00:00,4286.14,4286.33,4286.08,4286.18
2026-09-27 03:15:00,4286.14,4286.33,4286.08,4286.11
2026-09-27 03:30:00,4286.14,4286.33,4286.08,4286.22
2026-09-27 03:45:00,4286.14,4286.33,4286.08,4286.24
2026-09-27 04:00:00,4286.14,4286.33,4286.08,4286.18
2026-09-27 04:15:00,4286.14,4286.33,4286.08,4286.11
2026-09-27 04:30:00,4286.14,4286.33,4286.08,4286.23
2026-09-27 04:45:00,4286.14,4286.33,4286.08,4286.23
2026-09-27 05:00:00,4286.14,4286.33,4286.08,4286.20
2026-09-27 05:15:00,4286.14,4286.33,4286.08,4286.12
2026-09-27 05:30:00,4286.14,4286.33,4286.08,4286.14
2026-09-27 05:45:00,4286.14,4286.33,4286.08,4286.23
2026-09-27 06:00:00,4286.14,4286.33,4286.08,4286.21
2026-09-27 06:15:00,4286.14,4286.33,4286.08,4286.13
2026-09-27 06:30:00,4286.14,4286.33,4286.08,4286.13
2026-09-27 06:45:00,4286.14,4286.33,4286.08,4286.21
2026-09-27 07:00:00,4286.14,4286.33,4286.08,4286.23
2026-09-27 07:15:00,4286.14,4286.33,4286.08,4286.14
2026-09-27 07:30:00,4286.14,4286.33,4286.08,4286.12
2026-09-27 07:45:00,4286.14,4286.33,4286.08,4286.20
2026-09-27 08:00:00,4286.14,4286.34,4286.08,4286.24
2026-09-27 08:15:00,4286.14,4286.34,4286.08,4286.19
2026-09-27 08:30:00,4286.14,4286.34,4286.08,4286.11
2026-09-27 08:45:00,4286.14,4286.33,4286.08,4286.21
2026-09-27 09:00:00,4286.14,4286.33,4286.08,4286.24
2026-09-27 09:15:00,4286.14,4286.34,4286.08,4286.17
2026-09-27 09:30:00,4286.14,4286.34,4286.08,4286.11
2026-09-27 09:45:00,4286.14,4286.34,4286.08,4286.23
2026-09-27 10:00:00,4286.14,4286.33,4286.08,4286.24
2026-09-27 10:15:00,4286.14,4286.34,4286.08,4286.19
2026-09-27 10:30:00,4286.14,4286.33,4286.08,4286.11
2026-09-27 10:45:00,4286.14,4286.34,4286.08,4286.24
2026-09-27 11:00:00,4286.14,4286.34,4286.08,4286.23
2026-09-27 11:15:00,4286.14,4286.33,4286.08,4286.21
2026-09-27 11:30:00,4286.14,4286.34,4286.08,4286.12
2026-09-27 11:45:00,4286.14,4286.34,4286.08,4286.14
2026-09-27 12:00:00,4286.14,4286.33,4286.08,4286.22
2026-09-27 12:15:00,4286.14,4286.34,4286.08,4286.22
2026-09-27 12:30:00,4286.14,4286.33,4286.08,4286.13
2026-09-27 12:45:00,4286.14,4286.34,4286.08,4286.13
2026-09-27 13:00:00,4286.14,4286.34,4286.08,4286.21
2026-09-27 13:15:00,4286.14,4286.34,4286.08,4286.23
2026-09-27 13:30:00,4286.14,4286.33,4286.08,4286.20
2026-09-27 13:45:00,4286.14,4286.34,4286.08,4286.12
2026-09-27 14:00:00,4286.14,4286.33,4286.08,4286.20
2026-09-27 14:15:00,4286.14,4286.34,4286.08,4286.24
2026-09-27 14:30:00,4286.14,4286.34,4286.08,4286.18
2026-09-27 14:45:00,4286.14,4286.33,4286.08,4286.11
2026-09-27 15:00:00,4286.14,4286.34,4286.08,4286.22
2026-09-27 15:15:00,4286.14,4286.33,4286.08,4286.24
2026-09-27 15:30:00,4286.14,4286.34,4286.08,4286.18
2026-09-27 15:45:00,4286.14,4286.34,4286.08,4286.11
2026-09-27 16:00:00,4286.14,4286.33,4286.08,4286.23
2026-09-27 16:15:00,4286.14,4286.34,4286.08,4286.24
2026-09-27 16:30:00,4286.14,4286.34,4286.08,4286.19
2026-09-27 16:45:00,4286.14,4286.33,4286.08,4286.12
2026-09-27 17:00:00,4286.14,4286.34,4286.08,4286.24
2026-09-27 17:15:00,4286.14,4286.33,4286.08,4286.23
2026-09-27 17:30:00,4286.14,4286.34,4286.08,4286.21
2026-09-27 17:45:00,4286.14,4286.34,4286.08,4286.12
2026-09-27 18:00:00,4286.14,4286.34,4286.08,4286.13
2026-09-27 18:15:00,4286.14,4286.33,4286.08,4286.22
2026-09-27 18:30:00,4286.14,4286.34,4286.08,4286.22
2026-09-27 18:45:00,4286.14,4286.33,4286.08,4286.14
2026-09-27 19:00:00,4286.14,4286.34,4286.08,4286.12
2026-09-27 19:15:00,4286.14,4286.34,4286.08,4286.21
2026-09-27 19:30:00,4286.14,4286.33,4286.08,4286.23
2026-09-27 19:45:00,4286.14,4286.34,4286.08,4286.19
2026-09-27 20:00:00,4286.14,4286.34,4286.08,4286.11
2026-09-27 20:15:00,4286.14,4286.33,4286.08,4286.21
2026-09-27 20:30:00,4286.14,4286.34,4286.08,4286.24
2026-09-27 20:45:00,4286.14,4286.33,4286.08,4286.18
2026-09-27 21:00:00,4286.14,4286.34,4286.08,4286.11
2026-09-27 21:15:00,4286.14,4286.34,4286.08,4286.22
2026-09-27 21:30:00,4286.14,4286.33,4286.08,4286.24
2026-09-27 21:45:00,4286.14,4286.34,4286.08,4286.18
2026-09-27 22:00:00,4286.14,4286.33,4286.08,4286.11
2026-09-27 22:15:00,4286.14,4286.34,4286.08,4286.24
2026-09-27 22:30:00,4286.14,4286.34,4286.08,4286.24
2026-09-27 22:45:00,4286.14,4286.34,4286.08,4286.20
2026-09-27 23:00:00,4286.14,4286.33,4286.08,4286.12
2026-09-27 23:15:00,4286.14,4286.34,4286.08,4286.14
2026-09-27 23:30:00,4286.14,4286.33,4286.08,4286.23
2026-09-27 23:45:00,4286.14,4286.34,4286.08,4286.21
2026-09-28 00:00:00,4286.14,4286.34,4286.08,4286.13
2026-09-28 00:15:00,4286.14,4286.33,4286.08,4286.13
2026-09-28 00:30:00,4286.14,4286.34,4286.08,4286.22
2026-09-28 00:45:00,4286.14,4286.34,4286.08,4286.23
2026-09-28 01:00:00,4286.14,4286.33,4286.08,4286.14
2026-09-28 01:15:00,4286.14,4286.34,4286.08,4286.12
2026-09-28 01:30:00,4286.14,4286.33,4286.08,4286.20
2026-09-28 01:45:00,4286.14,4286.34,4286.08,4286.23
2026-09-28 02:00:00,4286.14,4286.34,4286.08,4286.19
2026-09-28 02:15:00,4286.14,4286.34,4286.08,4286.11
2026-09-28 02:30:00,4286.14,4286.33,4286.08,4286.21
2026-09-28 02:45:00,4286.14,4286.33,4286.08,4286.24
2026-09-28 03:00:00,4286.14,4286.34,4286.08,4286.17
2026-09-28 03:15:00,4286.14,4286.34,4286.08,4286.11
2026-09-28 03:30:00,4286.14,4286.34,4286.08,4286.23
2026-09-28 03:45:00,4286.14,4286.33,4286.08,4286.24
2026-09-28 04:00:00,4286.14,4286.33,4286.07,4286.19
2026-09-28 04:15:00,4286.14,4286.51,4286.08,4286.12
2026-09-28 04:30:00,4286.15,4286.34,4286.07,4286.24
2026-09-28 04:45:00,4286.14,4286.34,4286.09,4286.23
2026-09-28 05:00:00,4286.14,4286.34,4286.04,4286.20
2026-09-28 05:15:00,4286.14,4286.35,4286.09,4286.13
2026-09-28 05:30:00,4286.15,4286.34,4286.08,4286.14
2026-09-28 05:45:00,4286.15,4286.33,4286.09,4286.23
2026-09-28 06:00:00,4286.15,4286.34,4285.96,4286.20
2026-09-28 06:15:00,4286.12,4286.32,4285.96,4286.14
2026-09-28 06:30:00,4286.15,4286.34,4285.22,4286.13
2026-09-28 06:45:00,4286.15,4286.34,4286.09,4286.21
2026-09-28 07:00:00,4286.14,4286.33,4285.22,4286.22
2026-09-28 07:15:00,4286.13,4286.49,4285.59,4286.18
2026-09-28 07:30:00,4286.11,4286.40,4285.96,4286.24
2026-09-28 07:45:00,4286.12,4287.41,4286.08,4287.34
2026-09-28 08:00:00,4287.25,4287.25,4262.13,4269.65
2026-09-28 08:15:00,4271.62,4271.62,4265.85,4269.92
2026-09-28 08:30:00,4270.09,4270.70,4262.57,4262.66
2026-09-28 08:45:00,4262.79,4262.85,4259.00,4259.80
2026-09-28 09:00:00,4259.63,4266.76,4258.58,4264.85
2026-09-28 09:15:00,4265.01,4265.85,4263.90,4264.73
2026-09-28 09:30:00,4264.59,4264.59,4259.85,4260.97
2026-09-28 09:45:00,4260.64,4264.76,4259.85,4260.22
2026-09-28 10:00:00,4260.58,4261.80,4253.76,4255.60
2026-09-28 10:15:00,4255.70,4258.59,4251.41,4251.94
2026-09-28 10:30:00,4252.81,4252.81,4231.73,4236.02
2026-09-28 10:45:00,4236.41,4239.08,4229.59,4230.06
2026-09-28 11:00:00,4230.81,4230.81,4215.50,4215.88
2026-09-28 11:15:00,4217.33,4225.28,4216.56,4216.98
2026-09-28 11:30:00,4218.08,4222.79,4210.02,4211.47
2026-09-28 11:45:00,4212.62,4218.17,4206.43,4214.18
2026-09-28 12:00:00,4214.88,4216.69,4211.59,4216.38
2026-09-28 12:15:00,4215.70,4217.95,4214.96,4217.63
2026-09-28 12:30:00,4217.13,4217.13,4205.75,4208.83
2026-09-28 12:45:00,4208.13,4208.13,4195.33,4195.63
2026-09-28 13:00:00,4196.01,4203.50,4196.01,4202.59
2026-09-28 13:15:00,4202.20,4202.20,4194.61,4196.98
2026-09-28 13:30:00,4196.70,4199.58,4192.17,4193.29
2026-09-28 13:45:00,4193.69,4199.56,4192.17,4197.93
2026-09-28 14:00:00,4198.07,4200.09,4196.22,4199.26
2026-09-28 14:15:00,4199.21,4199.78,4195.88,4198.21
2026-09-28 14:30:00,4197.27,4200.62,4196.27,4199.47
2026-09-28 14:45:00,4199.26,4199.46,4195.56,4196.83
2026-09-28 15:00:00,4196.81,4198.36,4190.41,4192.54
2026-09-28 15:15:00,4192.21,4194.18,4186.20,4191.76
2026-09-28 15:30:00,4190.90,4191.49,4180.40,4183.12
2026-09-28 15:45:00,4182.49,4185.04,4180.25,4180.87
2026-09-28 16:00:00,4181.61,4181.73,4175.02,4179.36
2026-09-28 16:15:00,4179.54,4180.43,4169.62,4169.89
2026-09-28 16:30:00,4170.40,4177.95,4168.43,4174.59
2026-09-28 16:45:00,4175.06,4176.24,4162.68,4164.50
2026-09-28 17:00:00,4164.09,4166.15,4161.10,4161.46
2026-09-28 17:15:00,4162.12,4164.41,4157.31,4160.55
2026-09-28 17:30:00,4160.06,4160.06,4152.82,4154.22
2026-09-28 17:45:00,4154.92,4160.11,4151.27,4151.70
2026-09-28 18:00:00,4152.98,4159.84,4151.13,4152.00
2026-09-28 18:15:00,4153.23,4158.45,4145.59,4146.19
2026-09-28 18:30:00,4147.04,4150.76,4143.53,4150.21
2026-09-28 18:45:00,4150.08,4152.48,4144.94,4145.40
2026-09-28 19:00:00,4146.36,4146.65,4141.13,4142.67
2026-09-28 19:15:00,4142.58,4148.69,4139.69,4145.11
2026-09-28 19:30:00,4145.54,4150.76,4142.89,4150.62
2026-09-28 19:45:00,4150.41,4157.14,4150.40,4156.06
2026-09-28 20:00:00,4155.42,4159.68,4153.14,4155.09
2026-09-28 20:15:00,4155.03,4158.18,4152.31,4157.15
2026-09-28 20:30:00,4157.25,4159.24,4154.72,4156.78
2026-09-28 20:45:00,4157.67,4158.00,4155.07,4156.56
2026-09-28 21:00:00,4156.77,4157.14,4149.03,4149.64
2026-09-28 21:15:00,4149.60,4155.93,4149.03,4155.29
2026-09-28 21:30:00,4154.61,4155.93,4147.71,4151.46
2026-09-28 21:45:00,4151.14,4155.30,4148.52,4149.71
2026-09-28 22:00:00,4150.44,4169.12,4146.97,4164.90
2026-09-28 22:15:00,4164.45,4171.19,4154.55,4155.07
2026-09-28 22:30:00,4156.05,4156.05,4144.18,4144.42
2026-09-28 22:45:00,4144.80,4155.24,4143.70,4154.33
2026-09-28 23:00:00,4154.18,4154.18,4144.39,4149.28
2026-09-28 23:15:00,4148.37,4150.40,4143.61,4144.02
2026-09-28 23:30:00,4144.89,4150.07,4138.05,4149.20
2026-09-28 23:45:00,4149.12,4160.25,4146.66,4158.69
2026-09-29 00:00:00,4158.33,4158.65,4140.41,4140.91
2026-09-29 00:15:00,4141.95,4143.53,4137.19,4140.60
2026-09-29 00:30:00,4141.35,4142.85,4123.78,4124.00
2026-09-29 00:45:00,4124.42,4124.42,4113.03,4116.79
2026-09-29 01:00:00,4115.04,4122.86,4115.04,4119.32
2026-09-29 01:15:00,4119.24,4126.61,4118.79,4125.00
2026-09-29 01:30:00,4124.76,4127.09,4119.80,4120.54
2026-09-29 01:45:00,4121.13,4124.56,4116.41,4122.84
2026-09-29 02:00:00,4123.00,4124.07,4117.77,4117.94
2026-09-29 02:15:00,4118.24,4147.66,4116.32,4146.61
2026-09-29 02:30:00,4146.40,4146.40,4132.49,4132.70
2026-09-29 02:45:00,4133.04,4133.09,4128.80,4128.94
2026-09-29 03:00:00,4129.10,4146.62,4120.25,4142.29
2026-09-29 03:15:00,4142.35,4142.35,4134.28,4135.98
2026-09-29 03:30:00,4136.06,4139.42,4134.28,4137.67
2026-09-29 03:45:00,4137.85,4140.10,4134.45,4134.76
2026-09-29 04:00:00,4135.32,4138.22,4134.01,4135.11
2026-09-29 04:15:00,4135.35,4137.36,4133.94,4135.04
