zone_id,side,status,born_t,touch_t,bottom,top,entry,sl,tp,atr
S2026-09-29 00:45:00,short,skipped,2026-09-29 01:00:00,2026-09-29 01:15:00,4122.86,4123.78,4122.86,4130.03,4108.51,12.52
S2026-09-29 00:30:00,short,sent,2026-09-29 00:45:00,2026-09-29 01:15:00,4124.42,4137.19,4124.42,4143.45,4086.37,12.52
S2026-09-29 00:00:00,short,skipped,2026-09-29 00:15:00,2026-09-29 02:15:00,4143.53,4146.66,4143.53,4152.66,4125.28,11.99
L2026-09-29 02:15:00,long,sent,2026-09-29 02:30:00,2026-09-29 02:45:00,4124.07,4132.49,4132.49,4118.08,4161.30,11.99
L2026-09-29 03:00:00,long,sent,2026-09-29 03:15:00,2026-09-29 03:30:00,4133.09,4134.28,4134.28,4127.30,4148.24,11.56
L2026-09-29 04:30:00,long,skipped,2026-09-29 04:45:00,2026-09-29 05:00:00,4137.36,4137.52,4137.52,4132.50,4147.57,9.72
S2026-09-29 06:30:00,short,sent,2026-09-29 06:45:00,2026-09-29 07:00:00,4115.36,4116.92,4115.36,4119.48,4107.12,5.11
S2026-09-29 05:45:00,short,sent,2026-09-29 06:00:00,2026-09-29 08:15:00,4124.33,4128.99,4124.33,4131.26,4110.46,4.54
L2026-09-29 08:00:00,long,sent,2026-09-29 08:15:00,2026-09-29 08:45:00,4115.45,4121.14,4121.14,4113.43,4136.54,4.02
L2026-09-29 09:15:00,long,skipped,2026-09-29 09:30:00,2026-09-29 09:45:00,4124.90,4125.75,4125.75,4123.05,4131.15,3.69
S2026-09-29 05:30:00,short,sent,2026-09-29 05:45:00,2026-09-29 11:15:00,4129.81,4132.06,4129.81,4135.42,4118.60,6.72
S2026-09-29 05:00:00,short,sent,2026-09-29 05:15:00,2026-09-29 11:45:00,4136.26,4137.52,4136.26,4140.99,4126.79,6.93
S2026-09-29 14:00:00,short,skipped,2026-09-29 14:15:00,2026-09-29 14:30:00,4131.72,4132.06,4131.72,4135.21,4124.74,6.29
S2026-09-29 14:30:00,short,skipped,2026-09-29 14:45:00,2026-09-29 15:00:00,4128.89,4128.99,4128.89,4131.61,4123.43,5.25
S2026-09-29 13:45:00,short,skipped,2026-09-29 14:00:00,2026-09-29 15:30:00,4133.94,4137.18,4133.94,4140.13,4121.55,5.91
L2026-09-29 21:00:00,long,skipped,2026-09-29 21:15:00,2026-09-29 21:30:00,4154.55,4154.76,4154.76,4151.65,4161.00,5.81
L2026-09-29 20:45:00,long,sent,2026-09-29 21:00:00,2026-09-29 21:30:00,4150.76,4153.17,4153.17,4147.85,4163.80,5.81
L2026-09-30 00:00:00,long,skipped,2026-09-30 00:15:00,2026-09-30 00:30:00,4163.20,4166.07,4166.07,4158.84,4180.53,8.72
S2026-09-30 01:15:00,short,sent,2026-09-30 01:30:00,2026-09-30 01:45:00,4159.17,4161.81,4159.17,4166.43,4144.67,9.24
S2026-09-30 02:45:00,short,sent,2026-09-30 03:00:00,2026-09-30 03:15:00,4148.00,4149.06,4148.00,4153.05,4137.89,8.00
S2026-09-30 01:00:00,short,skipped,2026-09-30 01:15:00,2026-09-30 04:00:00,4162.33,4162.86,4162.33,4166.79,4153.41,7.85
L2026-09-30 04:00:00,long,sent,2026-09-30 04:15:00,2026-09-30 04:30:00,4147.28,4162.46,4162.46,4143.59,4200.19,7.38
L2026-09-30 06:30:00,long,sent,2026-09-30 06:45:00,2026-09-30 08:30:00,4175.91,4179.73,4179.73,4174.12,4190.95,3.60
S2026-09-30 08:30:00,short,sent,2026-09-30 08:45:00,2026-09-30 09:00:00,4180.08,4180.89,4180.08,4182.62,4174.99,3.46
S2026-09-30 08:00:00,short,skipped,2026-09-30 08:15:00,2026-09-30 09:15:00,4182.53,4182.65,4182.53,4184.30,4178.97,3.30
L2026-09-30 09:00:00,long,skipped,2026-09-30 09:15:00,2026-09-30 09:30:00,4180.08,4180.22,4180.22,4178.45,4183.74,3.25
L2026-09-30 09:45:00,long,skipped,2026-09-30 10:00:00,2026-09-30 10:15:00,4181.88,4183.05,4183.05,4180.36,4188.44,3.05
S2026-09-30 10:30:00,short,skipped,2026-09-30 10:45:00,2026-09-30 11:00:00,4179.94,4181.48,4179.94,4183.42,4172.96,3.89
S2026-09-30 11:00:00,short,sent,2026-09-30 11:15:00,2026-09-30 12:00:00,4174.50,4177.11,4174.50,4179.44,4164.61,4.66
L2026-09-30 12:00:00,long,sent,2026-09-30 12:15:00,2026-09-30 12:30:00,4172.23,4175.02,4175.02,4169.62,4185.81,5.21
S2026-09-30 13:30:00,short,skipped,2026-09-30 13:45:00,2026-09-30 14:15:00,4176.76,4177.91,4176.76,4180.73,4168.82,5.64
L2026-09-30 14:15:00,long,skipped,2026-09-30 14:30:00,2026-09-30 15:00:00,4175.89,4177.30,4177.30,4172.83,4186.24,6.11
S2026-09-30 15:00:00,short,skipped,2026-09-30 15:15:00,2026-09-30 15:30:00,4174.22,4177.67,4174.22,4180.82,4161.02,6.30
L2026-09-30 18:15:00,long,sent,2026-09-30 18:30:00,2026-09-30 18:45:00,4196.04,4197.98,4197.98,4192.95,4208.03,6.18
L2026-09-30 16:45:00,long,sent,2026-09-30 17:00:00,2026-09-30 19:00:00,4181.92,4190.31,4190.31,4178.70,4213.54,6.44
L2026-09-30 16:00:00,long,skipped,2026-09-30 16:15:00,2026-09-30 21:00:00,4179.05,4179.38,4179.38,4176.38,4185.37,5.34
S2026-09-30 19:00:00,short,skipped,2026-09-30 19:15:00,2026-09-30 21:30:00,4191.11,4192.17,4191.11,4195.14,4183.06,5.94
S2026-09-30 18:45:00,short,sent,2026-09-30 19:00:00,2026-09-30 22:15:00,4193.75,4197.98,4193.75,4202.12,4177.02,8.28
L2026-09-30 22:30:00,long,sent,2026-09-30 22:45:00,2026-09-30 23:00:00,4194.63,4205.75,4205.75,4190.06,4237.11,9.14
L2026-09-30 15:30:00,long,skipped,2026-09-30 15:45:00,2026-10-01 00:15:00,4174.22,4174.67,4174.67,4168.62,4186.77,11.20
S2026-10-01 00:15:00,short,skipped,2026-10-01 00:30:00,2026-10-01 00:45:00,4174.65,4175.83,4174.65,4181.57,4160.80,11.50
S2026-10-01 03:00:00,short,sent,2026-10-01 03:15:00,2026-10-01 03:30:00,4155.76,4156.97,4155.76,4161.08,4145.13,8.23
S2026-10-01 08:45:00,short,skipped,2026-10-01 09:00:00,2026-10-01 09:15:00,4154.55,4155.07,4154.55,4156.15,4151.34,2.18
S2026-10-01 08:00:00,short,sent,2026-10-01 08:15:00,2026-10-01 10:00:00,4156.79,4157.26,4156.79,4158.41,4153.55,2.30
S2026-10-01 10:00:00,short,skipped,2026-10-01 10:15:00,2026-10-01 11:00:00,4152.65,4154.95,4152.65,4157.33,4143.31,4.75
S2026-10-01 10:15:00,short,skipped,2026-10-01 10:30:00,2026-10-01 11:00:00,4146.26,4150.65,4146.26,4153.02,4132.73,4.75
L2026-10-01 11:00:00,long,sent,2026-10-01 11:15:00,2026-10-01 11:45:00,4146.11,4159.04,4159.04,4143.40,4190.33,5.42
S2026-10-01 12:00:00,short,skipped,2026-10-01 12:15:00,2026-10-01 12:45:00,4156.45,4158.23,4156.45,4161.24,4146.87,6.01
S2026-10-01 11:45:00,short,skipped,2026-10-01 12:00:00,2026-10-01 12:45:00,4158.79,4159.39,4158.79,4162.62,4151.13,6.47
S2026-10-01 01:00:00,short,skipped,2026-10-01 01:15:00,2026-10-01 13:00:00,4165.54,4167.03,4165.54,4170.54,4155.54,7.02
L2026-10-01 13:00:00,long,skipped,2026-10-01 13:15:00,2026-10-01 13:30:00,4162.71,4163.77,4163.77,4159.25,4172.81,6.92
L2026-10-01 13:45:00,long,sent,2026-10-01 14:00:00,2026-10-01 14:15:00,4169.71,4175.37,4175.37,4166.34,4193.42,6.75
S2026-09-30 23:45:00,short,skipped,2026-10-01 00:00:00,2026-10-01 15:00:00,4182.71,4183.05,4182.71,4185.99,4176.16,5.88
S2026-09-30 23:30:00,short,sent,2026-09-30 23:45:00,2026-10-01 15:15:00,4184.83,4191.49,4184.83,4194.43,4165.63,5.88
L2026-10-01 15:15:00,long,sent,2026-10-01 15:30:00,2026-10-01 15:45:00,4183.23,4186.38,4186.38,4180.34,4198.45,5.77
L2026-10-01 15:00:00,long,sent,2026-10-01 15:15:00,2026-10-01 16:30:00,4180.19,4182.18,4182.18,4177.39,4191.75,5.60
L2026-10-01 13:30:00,long,skipped,2026-10-01 13:45:00,2026-10-01 17:15:00,4168.80,4169.40,4169.40,4165.42,4177.37,6.75
L2026-10-01 14:45:00,long,skipped,2026-10-01 15:00:00,2026-10-01 17:00:00,4176.76,4179.22,4179.22,4173.38,4190.88,6.75
L2026-10-01 12:45:00,long,sent,2026-10-01 13:00:00,2026-10-01 17:15:00,4156.00,4159.64,4159.64,4152.62,4173.67,6.75
S2026-10-01 17:15:00,short,sent,2026-10-01 17:30:00,2026-10-01 17:45:00,4165.10,4174.20,4165.10,4177.70,4139.91,7.01
L2026-10-01 19:00:00,long,skipped,2026-10-01 19:15:00,2026-10-01 19:45:00,4157.13,4159.30,4159.30,4152.86,4172.18,8.53
S2026-10-01 19:45:00,short,skipped,2026-10-01 20:00:00,2026-10-01 20:15:00,4158.39,4159.56,4158.39,4163.98,4147.22,8.84
S2026-10-01 17:00:00,short,sent,2026-10-01 17:15:00,2026-10-01 20:45:00,4176.81,4180.60,4176.81,4184.46,4161.52,7.71
L2026-10-01 20:30:00,long,sent,2026-10-01 20:45:00,2026-10-01 21:00:00,4166.39,4171.70,4171.70,4162.71,4189.67,7.36
L2026-10-01 21:30:00,long,sent,2026-10-01 21:45:00,2026-10-01 22:00:00,4172.93,4178.56,4178.56,4169.48,4196.72,6.90
S2026-10-01 16:30:00,short,sent,2026-10-01 16:45:00,2026-10-01 22:30:00,4185.85,4187.78,4185.85,4191.53,4174.51,7.49
L2026-10-01 20:15:00,long,sent,2026-10-01 20:30:00,2026-10-01 23:30:00,4158.39,4165.08,4165.08,4154.60,4186.04,7.60
S2026-10-01 23:30:00,short,sent,2026-10-01 23:45:00,2026-10-02 00:15:00,4165.45,4168.34,4165.45,4172.61,4151.13,8.54
S2026-10-01 23:15:00,short,skipped,2026-10-01 23:30:00,2026-10-02 00:30:00,4173.11,4173.88,4173.11,4178.35,4162.64,8.95
S2026-10-01 23:00:00,short,sent,2026-10-01 23:15:00,2026-10-02 00:30:00,4175.51,4179.73,4175.51,4184.20,4158.12,8.95
L2026-10-02 03:00:00,long,sent,2026-10-02 03:15:00,2026-10-02 03:45:00,4167.19,4169.95,4169.95,4161.84,4186.17,10.70
L2026-10-02 06:45:00,long,skipped,2026-10-02 07:00:00,2026-10-02 08:00:00,4175.89,4177.11,4177.11,4174.28,4182.76,3.21
S2026-10-02 08:00:00,short,sent,2026-10-02 08:15:00,2026-10-02 08:30:00,4173.74,4178.68,4173.74,4180.32,4160.58,3.27
L2026-10-02 09:00:00,long,skipped,2026-10-02 09:15:00,2026-10-02 09:30:00,4179.03,4179.19,4179.19,4177.43,4182.71,3.20
L2026-10-02 08:30:00,long,skipped,2026-10-02 08:45:00,2026-10-02 10:00:00,4173.74,4175.65,4175.65,4171.51,4183.94,4.45
L2026-10-02 08:45:00,long,skipped,2026-10-02 09:00:00,2026-10-02 10:00:00,4176.41,4176.95,4176.95,4174.19,4182.48,4.45
S2026-10-02 11:00:00,short,sent,2026-10-02 11:15:00,2026-10-02 11:30:00,4148.17,4155.28,4148.17,4158.95,4126.61,7.34
S2026-10-02 10:30:00,short,sent,2026-10-02 10:45:00,2026-10-02 12:45:00,4162.16,4164.41,4162.16,4168.83,4148.82,8.83
S2026-10-02 10:15:00,short,skipped,2026-10-02 10:30:00,2026-10-02 13:00:00,4167.19,4169.27,4167.19,4173.91,4153.75,9.27
S2026-10-02 10:00:00,short,sent,2026-10-02 10:15:00,2026-10-02 13:00:00,4171.81,4177.67,4171.81,4182.27,4150.91,9.19
L2026-10-02 14:00:00,long,sent,2026-10-02 14:15:00,2026-10-02 14:30:00,4177.98,4183.23,4183.23,4174.28,4201.11,7.40
L2026-10-02 15:00:00,long,sent,2026-10-02 15:15:00,2026-10-02 15:30:00,4183.44,4186.73,4186.73,4180.10,4199.98,6.67
S2026-10-02 16:30:00,short,sent,2026-10-02 16:45:00,2026-10-02 17:00:00,4183.61,4187.25,4183.61,4190.79,4169.25,7.08
L2026-10-02 17:00:00,long,skipped,2026-10-02 17:15:00,2026-10-02 17:30:00,4183.61,4183.76,4183.76,4180.25,4190.78,6.72
L2026-10-02 13:00:00,long,sent,2026-10-02 13:15:00,2026-10-02 20:00:00,4165.80,4170.29,4170.29,4161.86,4187.17,7.89
S2026-10-02 20:00:00,short,sent,2026-10-02 20:15:00,2026-10-02 20:30:00,4174.15,4179.90,4174.15,4183.80,4154.83,7.80
L2026-10-02 20:45:00,long,sent,2026-10-02 21:00:00,2026-10-02 21:15:00,4181.06,4181.70,4181.70,4177.63,4189.85,6.87
L2026-10-02 20:30:00,long,sent,2026-10-02 20:45:00,2026-10-02 21:30:00,4174.15,4179.54,4179.54,4170.79,4197.05,6.72
